STRUCTURE,STRUCTURE_ID,STRUCTURE_NAME,ACTION,REF_AREA,Reference area,FREQ,Frequency of observation,MEASURE,Measure,AGE,Age,SEX,Sex,UNIT_MEASURE,Unit of measure,METHODOLOGY,Measurement method,TIME_PERIOD,Time period,OBS_VALUE,Observation value,OBS_STATUS,Observation status,UNIT_MULT,Unit multiplier,DECIMALS,Decimals
DATAFLOW,OECD.ELS.HD:DSD_HEALTH_LVNG@DF_HEALTH_LVNG_TC(1.0),Tobacco consumption,I,JPN,Japan,A,Annual,SP_DS,Share of population who are daily smokers,Y_GE15,15 years or over,_T,Total,PT_POP,Percentage of population,_Z,Not applicable,2015,,18.2,,A,Normal value,0,Units,,
DATAFLOW,OECD.ELS.HD:DSD_HEALTH_LVNG@DF_HEALTH_LVNG_TC(1.0),Tobacco consumption,I,GBR,United Kingdom,A,Annual,SP_DS,Share of population who are daily smokers,Y_GE15,15 years or over,_T,Total,PT_POP,Percentage of population,_Z,Not applicable,2019,,15.8,,A,Normal value,0,Units,,
DATAFLOW,OECD.ELS.HD:DSD_HEALTH_LVNG@DF_HEALTH_LVNG_TC(1.0),Tobacco consumption,I,GBR,United Kingdom,A,Annual,SP_DS,Share of population who are daily smokers,Y_GE15,15 years or over,_T,Total,PT_POP,Percentage of population,_Z,Not applicable,2020,,14.5,,A,Normal value,0,Units,,
DATAFLOW,OECD.ELS.HD:DSD_HEALTH_LVNG@DF_HEALTH_LVNG_TC(1.0),Tobacco consumption,I,GBR,United Kingdom,A,Annual,SP_DS,Share of population who are daily smokers,Y_GE15,15 years or over,_T,Total,PT_POP,Percentage of population,_Z,Not applicable,2021,,12.7,,A,Normal value,0,Units,,
DATAFLOW,OECD.ELS.HD:DSD_HEALTH_LVNG@DF_HEALTH_LVNG_TC(1.0),Tobacco consumption,I,CAN,Canada,A,Annual,SP_DS,Share of population who are daily smokers,Y_GE15,15 years or over,_T,Total,PT_POP,Percentage of population,_Z,Not applicable,2020,,9.4,,A,Normal value,0,Units,,
DATAFLOW,OECD.ELS.HD:DSD_HEALTH_LVNG@DF_HEALTH_LVNG_TC(1.0),Tobacco consumption,I,CAN,Canada,A,Annual,SP_DS,Share of population who are daily smokers,Y_GE15,15 years or over,_T,Total,PT_POP,Percentage of population,_Z,Not applicable,2021,,8.7,,A,Normal value,0,Units,,
DATAFLOW,OECD.ELS.HD:DSD_HEALTH_LVNG@DF_HEALTH_LVNG_TC(1.0),Tobacco consumption,I,CAN,Canada,A,Annual,SP_DS,Share of population who are daily smokers,Y_GE15,15 years or over,_T,Total,PT_POP,Percentage of population,_Z,Not applicable,2022,,9.4,,A,Normal value,0,Units,,
DATAFLOW,OECD.ELS.HD:DSD_HEALTH_LVNG@DF_HEALTH_LVNG_TC(1.0),Tobacco consumption,I,KOR,Korea,A,Annual,SP_DS,Share of population who are daily smokers,Y_GE15,15 years or over,_T,Total,PT_POP,Percentage of population,_Z,Not applicable,2019,,16.4,,A,Normal value,0,Units,,
DATAFLOW,OECD.ELS.HD:DSD_HEALTH_LVNG@DF_HEALTH_LVNG_TC(1.0),Tobacco consumption,I,KOR,Korea,A,Annual,SP_DS,Share of population who are daily smokers,Y_GE15,15 years or over,_T,Total,PT_POP,Percentage of population,_Z,Not applicable,2020,,15.9,,A,Normal value,0,Units,,
DATAFLOW,OECD.ELS.HD:DSD_HEALTH_LVNG@DF_HEALTH_LVNG_TC(1.0),Tobacco consumption,I,KOR,Korea,A,Annual,SP_DS,Share of population who are daily smokers,Y_GE15,15 years or over,_T,Total,PT_POP,Percentage of population,_Z,Not applicable,2021,,15.4,,A,Normal value,0,Units,,
DATAFLOW,OECD.ELS.HD:DSD_HEALTH_LVNG@DF_HEALTH_LVNG_TC(1.0),Tobacco consumption,I,DNK,Denmark,A,Annual,SP_DS,Share of population who are daily smokers,Y_GE15,15 years or over,_T,Total,PT_POP,Percentage of population,_Z,Not applicable,2017,,16.9,,A,Normal value,0,Units,,
DATAFLOW,OECD.ELS.HD:DSD_HEALTH_LVNG@DF_HEALTH_LVNG_TC(1.0),Tobacco consumption,I,CZE,Czechia,A,Annual,SP_DS,Share of population who are daily smokers,Y_GE15,15 years or over,_T,Total,PT_POP,Percentage of population,_Z,Not applicable,2015,,18.2,,A,Normal value,0,Units,,
DATAFLOW,OECD.ELS.HD:DSD_HEALTH_LVNG@DF_HEALTH_LVNG_TC(1.0),Tobacco consumption,I,CZE,Czechia,A,Annual,SP_DS,Share of population who are daily smokers,Y_GE15,15 years or over,_T,Total,PT_POP,Percentage of population,_Z,Not applicable,2016,,19.6,,A,Normal value,0,Units,,
DATAFLOW,OECD.ELS.HD:DSD_HEALTH_LVNG@DF_HEALTH_LVNG_TC(1.0),Tobacco consumption,I,CZE,Czechia,A,Annual,SP_DS,Share of population who are daily smokers,Y_GE15,15 years or over,_T,Total,PT_POP,Percentage of population,_Z,Not applicable,2017,,18.4,,A,Normal value,0,Units,,
DATAFLOW,OECD.ELS.HD:DSD_HEALTH_LVNG@DF_HEALTH_LVNG_TC(1.0),Tobacco consumption,I,CZE,Czechia,A,Annual,SP_DS,Share of population who are daily smokers,Y_GE15,15 years or over,_T,Total,PT_POP,Percentage of population,_Z,Not applicable,2018,,21.1,,A,Normal value,0,Units,,
DATAFLOW,OECD.ELS.HD:DSD_HEALTH_LVNG@DF_HEALTH_LVNG_TC(1.0),Tobacco consumption,I,CZE,Czechia,A,Annual,SP_DS,Share of population who are daily smokers,Y_GE15,15 years or over,_T,Total,PT_POP,Percentage of population,_Z,Not applicable,2019,,18.1,,A,Normal value,0,Units,,
DATAFLOW,OECD.ELS.HD:DSD_HEALTH_LVNG@DF_HEALTH_LVNG_TC(1.0),Tobacco consumption,I,CZE,Czechia,A,Annual,SP_DS,Share of population who are daily smokers,Y_GE15,15 years or over,_T,Total,PT_POP,Percentage of population,_Z,Not applicable,2020,,16.6,,A,Normal value,0,Units,,
DATAFLOW,OECD.ELS.HD:DSD_HEALTH_LVNG@DF_HEALTH_LVNG_TC(1.0),Tobacco consumption,I,CZE,Czechia,A,Annual,SP_DS,Share of population who are daily smokers,Y_GE15,15 years or over,_T,Total,PT_POP,Percentage of population,_Z,Not applicable,2021,,17.6,,A,Normal value,0,Units,,
DATAFLOW,OECD.ELS.HD:DSD_HEALTH_LVNG@DF_HEALTH_LVNG_TC(1.0),Tobacco consumption,I,CZE,Czechia,A,Annual,SP_DS,Share of population who are daily smokers,Y_GE15,15 years or over,_T,Total,PT_POP,Percentage of population,_Z,Not applicable,2022,,16.2,,A,Normal value,0,Units,,
DATAFLOW,OECD.ELS.HD:DSD_HEALTH_LVNG@DF_HEALTH_LVNG_TC(1.0),Tobacco consumption,I,CRI,Costa Rica,A,Annual,SP_DS,Share of population who are daily smokers,Y_GE15,15 years or over,_T,Total,PT_POP,Percentage of population,_Z,Not applicable,2014,,11.7,,A,Normal value,0,Units,,
DATAFLOW,OECD.ELS.HD:DSD_HEALTH_LVNG@DF_HEALTH_LVNG_TC(1.0),Tobacco consumption,I,CRI,Costa Rica,A,Annual,SP_DS,Share of population who are daily smokers,Y_GE15,15 years or over,_T,Total,PT_POP,Percentage of population,_Z,Not applicable,2015,,11,,A,Normal value,0,Units,,
DATAFLOW,OECD.ELS.HD:DSD_HEALTH_LVNG@DF_HEALTH_LVNG_TC(1.0),Tobacco consumption,I,CRI,Costa Rica,A,Annual,SP_DS,Share of population who are daily smokers,Y_GE15,15 years or over,_T,Total,PT_POP,Percentage of population,_Z,Not applicable,2022,,5.6,,A,Normal value,0,Units,,
DATAFLOW,OECD.ELS.HD:DSD_HEALTH_LVNG@DF_HEALTH_LVNG_TC(1.0),Tobacco consumption,I,GBR,United Kingdom,A,Annual,SP_DS,Share of population who are daily smokers,Y_GE15,15 years or over,_T,Total,PT_POP,Percentage of population,_Z,Not applicable,2018,,16.6,,A,Normal value,0,Units,,
DATAFLOW,OECD.ELS.HD:DSD_HEALTH_LVNG@DF_HEALTH_LVNG_TC(1.0),Tobacco consumption,I,CAN,Canada,A,Annual,SP_DS,Share of population who are daily smokers,Y_GE15,15 years or over,_T,Total,PT_POP,Percentage of population,_Z,Not applicable,2018,,11.3,,A,Normal value,0,Units,,
DATAFLOW,OECD.ELS.HD:DSD_HEALTH_LVNG@DF_HEALTH_LVNG_TC(1.0),Tobacco consumption,I,CAN,Canada,A,Annual,SP_DS,Share of population who are daily smokers,Y_GE15,15 years or over,_T,Total,PT_POP,Percentage of population,_Z,Not applicable,2019,,10.3,,A,Normal value,0,Units,,
DATAFLOW,OECD.ELS.HD:DSD_HEALTH_LVNG@DF_HEALTH_LVNG_TC(1.0),Tobacco consumption,I,ITA,Italy,A,Annual,SP_DS,Share of population who are daily smokers,Y_GE15,15 years or over,_T,Total,PT_POP,Percentage of population,_Z,Not applicable,2016,,20,,A,Normal value,0,Units,,
DATAFLOW,OECD.ELS.HD:DSD_HEALTH_LVNG@DF_HEALTH_LVNG_TC(1.0),Tobacco consumption,I,ITA,Italy,A,Annual,SP_DS,Share of population who are daily smokers,Y_GE15,15 years or over,_T,Total,PT_POP,Percentage of population,_Z,Not applicable,2017,,19.9,,A,Normal value,0,Units,,
DATAFLOW,OECD.ELS.HD:DSD_HEALTH_LVNG@DF_HEALTH_LVNG_TC(1.0),Tobacco consumption,I,ITA,Italy,A,Annual,SP_DS,Share of population who are daily smokers,Y_GE15,15 years or over,_T,Total,PT_POP,Percentage of population,_Z,Not applicable,2018,,19.2,,A,Normal value,0,Units,,
DATAFLOW,OECD.ELS.HD:DSD_HEALTH_LVNG@DF_HEALTH_LVNG_TC(1.0),Tobacco consumption,I,ITA,Italy,A,Annual,SP_DS,Share of population who are daily smokers,Y_GE15,15 years or over,_T,Total,PT_POP,Percentage of population,_Z,Not applicable,2019,,18.6,,A,Normal value,0,Units,,
DATAFLOW,OECD.ELS.HD:DSD_HEALTH_LVNG@DF_HEALTH_LVNG_TC(1.0),Tobacco consumption,I,ITA,Italy,A,Annual,SP_DS,Share of population who are daily smokers,Y_GE15,15 years or over,_T,Total,PT_POP,Percentage of population,_Z,Not applicable,2020,,18.8,,A,Normal value,0,Units,,
DATAFLOW,OECD.ELS.HD:DSD_HEALTH_LVNG@DF_HEALTH_LVNG_TC(1.0),Tobacco consumption,I,ITA,Italy,A,Annual,SP_DS,Share of population who are daily smokers,Y_GE15,15 years or over,_T,Total,PT_POP,Percentage of population,_Z,Not applicable,2021,,19.1,,A,Normal value,0,Units,,
DATAFLOW,OECD.ELS.HD:DSD_HEALTH_LVNG@DF_HEALTH_LVNG_TC(1.0),Tobacco consumption,I,ITA,Italy,A,Annual,SP_DS,Share of population who are daily smokers,Y_GE15,15 years or over,_T,Total,PT_POP,Percentage of population,_Z,Not applicable,2022,,19.8,,A,Normal value,0,Units,,
DATAFLOW,OECD.ELS.HD:DSD_HEALTH_LVNG@DF_HEALTH_LVNG_TC(1.0),Tobacco consumption,I,ISR,Israel,A,Annual,SP_DS,Share of population who are daily smokers,Y_GE15,15 years or over,_T,Total,PT_POP,Percentage of population,_Z,Not applicable,2017,,16.9,,A,Normal value,0,Units,,
DATAFLOW,OECD.ELS.HD:DSD_HEALTH_LVNG@DF_HEALTH_LVNG_TC(1.0),Tobacco consumption,I,ISR,Israel,A,Annual,SP_DS,Share of population who are daily smokers,Y_GE15,15 years or over,_T,Total,PT_POP,Percentage of population,_Z,Not applicable,2019,,16.4,,A,Normal value,0,Units,,
DATAFLOW,OECD.ELS.HD:DSD_HEALTH_LVNG@DF_HEALTH_LVNG_TC(1.0),Tobacco consumption,I,ISR,Israel,A,Annual,SP_DS,Share of population who are daily smokers,Y_GE15,15 years or over,_T,Total,PT_POP,Percentage of population,_Z,Not applicable,2023,,16.9,,A,Normal value,0,Units,,
DATAFLOW,OECD.ELS.HD:DSD_HEALTH_LVNG@DF_HEALTH_LVNG_TC(1.0),Tobacco consumption,I,ISR,Israel,A,Annual,SP_DS,Share of population who are daily smokers,Y_GE15,15 years or over,_T,Total,PT_POP,Percentage of population,_Z,Not applicable,2014,,17.1,,A,Normal value,0,Units,,
DATAFLOW,OECD.ELS.HD:DSD_HEALTH_LVNG@DF_HEALTH_LVNG_TC(1.0),Tobacco consumption,I,IRL,Ireland,A,Annual,SP_DS,Share of population who are daily smokers,Y_GE15,15 years or over,_T,Total,PT_POP,Percentage of population,_Z,Not applicable,2017,,18,,A,Normal value,0,Units,,
DATAFLOW,OECD.ELS.HD:DSD_HEALTH_LVNG@DF_HEALTH_LVNG_TC(1.0),Tobacco consumption,I,IRL,Ireland,A,Annual,SP_DS,Share of population who are daily smokers,Y_GE15,15 years or over,_T,Total,PT_POP,Percentage of population,_Z,Not applicable,2018,,17,,A,Normal value,0,Units,,
DATAFLOW,OECD.ELS.HD:DSD_HEALTH_LVNG@DF_HEALTH_LVNG_TC(1.0),Tobacco consumption,I,IRL,Ireland,A,Annual,SP_DS,Share of population who are daily smokers,Y_GE15,15 years or over,_T,Total,PT_POP,Percentage of population,_Z,Not applicable,2019,,14,,A,Normal value,0,Units,,
DATAFLOW,OECD.ELS.HD:DSD_HEALTH_LVNG@DF_HEALTH_LVNG_TC(1.0),Tobacco consumption,I,IRL,Ireland,A,Annual,SP_DS,Share of population who are daily smokers,Y_GE15,15 years or over,_T,Total,PT_POP,Percentage of population,_Z,Not applicable,2021,,16,,A,Normal value,0,Units,,
DATAFLOW,OECD.ELS.HD:DSD_HEALTH_LVNG@DF_HEALTH_LVNG_TC(1.0),Tobacco consumption,I,IRL,Ireland,A,Annual,SP_DS,Share of population who are daily smokers,Y_GE15,15 years or over,_T,Total,PT_POP,Percentage of population,_Z,Not applicable,2022,,14,,A,Normal value,0,Units,,
DATAFLOW,OECD.ELS.HD:DSD_HEALTH_LVNG@DF_HEALTH_LVNG_TC(1.0),Tobacco consumption,I,IRL,Ireland,A,Annual,SP_DS,Share of population who are daily smokers,Y_GE15,15 years or over,_T,Total,PT_POP,Percentage of population,_Z,Not applicable,2023,,14,,A,Normal value,0,Units,,
DATAFLOW,OECD.ELS.HD:DSD_HEALTH_LVNG@DF_HEALTH_LVNG_TC(1.0),Tobacco consumption,I,HUN,Hungary,A,Annual,SP_DS,Share of population who are daily smokers,Y_GE15,15 years or over,_T,Total,PT_POP,Percentage of population,_Z,Not applicable,2014,,25.8,,A,Normal value,0,Units,,
DATAFLOW,OECD.ELS.HD:DSD_HEALTH_LVNG@DF_HEALTH_LVNG_TC(1.0),Tobacco consumption,I,GRC,Greece,A,Annual,SP_DS,Share of population who are daily smokers,Y_GE15,15 years or over,_T,Total,PT_POP,Percentage of population,_Z,Not applicable,2014,,27.3,,A,Normal value,0,Units,,
DATAFLOW,OECD.ELS.HD:DSD_HEALTH_LVNG@DF_HEALTH_LVNG_TC(1.0),Tobacco consumption,I,DEU,Germany,A,Annual,SP_DS,Share of population who are daily smokers,Y_GE15,15 years or over,_T,Total,PT_POP,Percentage of population,_Z,Not applicable,2017,,18.8,,A,Normal value,0,Units,,
DATAFLOW,OECD.ELS.HD:DSD_HEALTH_LVNG@DF_HEALTH_LVNG_TC(1.0),Tobacco consumption,I,FRA,France,A,Annual,SP_DS,Share of population who are daily smokers,Y_GE15,15 years or over,_T,Total,PT_POP,Percentage of population,_Z,Not applicable,2016,,29.4,,A,Normal value,0,Units,,
DATAFLOW,OECD.ELS.HD:DSD_HEALTH_LVNG@DF_HEALTH_LVNG_TC(1.0),Tobacco consumption,I,FRA,France,A,Annual,SP_DS,Share of population who are daily smokers,Y_GE15,15 years or over,_T,Total,PT_POP,Percentage of population,_Z,Not applicable,2017,,26.9,,A,Normal value,0,Units,,
DATAFLOW,OECD.ELS.HD:DSD_HEALTH_LVNG@DF_HEALTH_LVNG_TC(1.0),Tobacco consumption,I,FRA,France,A,Annual,SP_DS,Share of population who are daily smokers,Y_GE15,15 years or over,_T,Total,PT_POP,Percentage of population,_Z,Not applicable,2018,,25.4,,A,Normal value,0,Units,,
DATAFLOW,OECD.ELS.HD:DSD_HEALTH_LVNG@DF_HEALTH_LVNG_TC(1.0),Tobacco consumption,I,FRA,France,A,Annual,SP_DS,Share of population who are daily smokers,Y_GE15,15 years or over,_T,Total,PT_POP,Percentage of population,_Z,Not applicable,2019,,24,,A,Normal value,0,Units,,
DATAFLOW,OECD.ELS.HD:DSD_HEALTH_LVNG@DF_HEALTH_LVNG_TC(1.0),Tobacco consumption,I,FRA,France,A,Annual,SP_DS,Share of population who are daily smokers,Y_GE15,15 years or over,_T,Total,PT_POP,Percentage of population,_Z,Not applicable,2020,,25.5,,A,Normal value,0,Units,,
DATAFLOW,OECD.ELS.HD:DSD_HEALTH_LVNG@DF_HEALTH_LVNG_TC(1.0),Tobacco consumption,I,FRA,France,A,Annual,SP_DS,Share of population who are daily smokers,Y_GE15,15 years or over,_T,Total,PT_POP,Percentage of population,_Z,Not applicable,2021,,25.3,,A,Normal value,0,Units,,
DATAFLOW,OECD.ELS.HD:DSD_HEALTH_LVNG@DF_HEALTH_LVNG_TC(1.0),Tobacco consumption,I,FRA,France,A,Annual,SP_DS,Share of population who are daily smokers,Y_GE15,15 years or over,_T,Total,PT_POP,Percentage of population,_Z,Not applicable,2014,,28.5,,A,Normal value,0,Units,,
DATAFLOW,OECD.ELS.HD:DSD_HEALTH_LVNG@DF_HEALTH_LVNG_TC(1.0),Tobacco consumption,I,FIN,Finland,A,Annual,SP_DS,Share of population who are daily smokers,Y_GE15,15 years or over,_T,Total,PT_POP,Percentage of population,_Z,Not applicable,2014,,15.4,,A,Normal value,0,Units,,
DATAFLOW,OECD.ELS.HD:DSD_HEALTH_LVNG@DF_HEALTH_LVNG_TC(1.0),Tobacco consumption,I,AUT,Austria,A,Annual,SP_DS,Share of population who are daily smokers,Y_GE15,15 years or over,_T,Total,PT_POP,Percentage of population,_Z,Not applicable,2014,,24.3,,A,Normal value,0,Units,,
DATAFLOW,OECD.ELS.HD:DSD_HEALTH_LVNG@DF_HEALTH_LVNG_TC(1.0),Tobacco consumption,I,AUS,Australia,A,Annual,SP_DS,Share of population who are daily smokers,Y_GE15,15 years or over,_T,Total,PT_POP,Percentage of population,_Z,Not applicable,2016,,12.4,,A,Normal value,0,Units,,
DATAFLOW,OECD.ELS.HD:DSD_HEALTH_LVNG@DF_HEALTH_LVNG_TC(1.0),Tobacco consumption,I,DNK,Denmark,A,Annual,SP_DS,Share of population who are daily smokers,Y_GE15,15 years or over,_T,Total,PT_POP,Percentage of population,_Z,Not applicable,2023,,11.7,,A,Normal value,0,Units,,
DATAFLOW,OECD.ELS.HD:DSD_HEALTH_LVNG@DF_HEALTH_LVNG_TC(1.0),Tobacco consumption,I,GBR,United Kingdom,A,Annual,SP_DS,Share of population who are daily smokers,Y_GE15,15 years or over,_T,Total,PT_POP,Percentage of population,_Z,Not applicable,2022,,11.2,,A,Normal value,0,Units,,
DATAFLOW,OECD.ELS.HD:DSD_HEALTH_LVNG@DF_HEALTH_LVNG_TC(1.0),Tobacco consumption,I,TUR,T端rkiye,A,Annual,SP_DS,Share of population who are daily smokers,Y_GE15,15 years or over,_T,Total,PT_POP,Percentage of population,_Z,Not applicable,2019,,28,,A,Normal value,0,Units,,
DATAFLOW,OECD.ELS.HD:DSD_HEALTH_LVNG@DF_HEALTH_LVNG_TC(1.0),Tobacco consumption,I,TUR,T端rkiye,A,Annual,SP_DS,Share of population who are daily smokers,Y_GE15,15 years or over,_T,Total,PT_POP,Percentage of population,_Z,Not applicable,2022,,28.3,,A,Normal value,0,Units,,
DATAFLOW,OECD.ELS.HD:DSD_HEALTH_LVNG@DF_HEALTH_LVNG_TC(1.0),Tobacco consumption,I,TUR,T端rkiye,A,Annual,SP_DS,Share of population who are daily smokers,Y_GE15,15 years or over,_T,Total,PT_POP,Percentage of population,_Z,Not applicable,2014,,27.3,,A,Normal value,0,Units,,
DATAFLOW,OECD.ELS.HD:DSD_HEALTH_LVNG@DF_HEALTH_LVNG_TC(1.0),Tobacco consumption,I,CHE,Switzerland,A,Annual,SP_DS,Share of population who are daily smokers,Y_GE15,15 years or over,_T,Total,PT_POP,Percentage of population,_Z,Not applicable,2017,,19.1,,A,Normal value,0,Units,,
DATAFLOW,OECD.ELS.HD:DSD_HEALTH_LVNG@DF_HEALTH_LVNG_TC(1.0),Tobacco consumption,I,SWE,Sweden,A,Annual,SP_DS,Share of population who are daily smokers,Y_GE15,15 years or over,_T,Total,PT_POP,Percentage of population,_Z,Not applicable,2015,,11.2,,A,Normal value,0,Units,,
DATAFLOW,OECD.ELS.HD:DSD_HEALTH_LVNG@DF_HEALTH_LVNG_TC(1.0),Tobacco consumption,I,SWE,Sweden,A,Annual,SP_DS,Share of population who are daily smokers,Y_GE15,15 years or over,_T,Total,PT_POP,Percentage of population,_Z,Not applicable,2016,,10.9,,A,Normal value,0,Units,,
DATAFLOW,OECD.ELS.HD:DSD_HEALTH_LVNG@DF_HEALTH_LVNG_TC(1.0),Tobacco consumption,I,SWE,Sweden,A,Annual,SP_DS,Share of population who are daily smokers,Y_GE15,15 years or over,_T,Total,PT_POP,Percentage of population,_Z,Not applicable,2017,,10.4,,A,Normal value,0,Units,,
DATAFLOW,OECD.ELS.HD:DSD_HEALTH_LVNG@DF_HEALTH_LVNG_TC(1.0),Tobacco consumption,I,SWE,Sweden,A,Annual,SP_DS,Share of population who are daily smokers,Y_GE15,15 years or over,_T,Total,PT_POP,Percentage of population,_Z,Not applicable,2018,,10.1,,A,Normal value,0,Units,,
DATAFLOW,OECD.ELS.HD:DSD_HEALTH_LVNG@DF_HEALTH_LVNG_TC(1.0),Tobacco consumption,I,SWE,Sweden,A,Annual,SP_DS,Share of population who are daily smokers,Y_GE15,15 years or over,_T,Total,PT_POP,Percentage of population,_Z,Not applicable,2019,,10.4,,A,Normal value,0,Units,,
DATAFLOW,OECD.ELS.HD:DSD_HEALTH_LVNG@DF_HEALTH_LVNG_TC(1.0),Tobacco consumption,I,SWE,Sweden,A,Annual,SP_DS,Share of population who are daily smokers,Y_GE15,15 years or over,_T,Total,PT_POP,Percentage of population,_Z,Not applicable,2020,,9.5,,A,Normal value,0,Units,,
DATAFLOW,OECD.ELS.HD:DSD_HEALTH_LVNG@DF_HEALTH_LVNG_TC(1.0),Tobacco consumption,I,SWE,Sweden,A,Annual,SP_DS,Share of population who are daily smokers,Y_GE15,15 years or over,_T,Total,PT_POP,Percentage of population,_Z,Not applicable,2021,,9.7,,A,Normal value,0,Units,,
DATAFLOW,OECD.ELS.HD:DSD_HEALTH_LVNG@DF_HEALTH_LVNG_TC(1.0),Tobacco consumption,I,ESP,Spain,A,Annual,SP_DS,Share of population who are daily smokers,Y_GE15,15 years or over,_T,Total,PT_POP,Percentage of population,_Z,Not applicable,2020,,19.8,,A,Normal value,0,Units,,
DATAFLOW,OECD.ELS.HD:DSD_HEALTH_LVNG@DF_HEALTH_LVNG_TC(1.0),Tobacco consumption,I,ESP,Spain,A,Annual,SP_DS,Share of population who are daily smokers,Y_GE15,15 years or over,_T,Total,PT_POP,Percentage of population,_Z,Not applicable,2014,,23,,A,Normal value,0,Units,,
DATAFLOW,OECD.ELS.HD:DSD_HEALTH_LVNG@DF_HEALTH_LVNG_TC(1.0),Tobacco consumption,I,SVN,Slovenia,A,Annual,SP_DS,Share of population who are daily smokers,Y_GE15,15 years or over,_T,Total,PT_POP,Percentage of population,_Z,Not applicable,2014,,18.9,,A,Normal value,0,Units,,
DATAFLOW,OECD.ELS.HD:DSD_HEALTH_LVNG@DF_HEALTH_LVNG_TC(1.0),Tobacco consumption,I,SVK,Slovak Republic,A,Annual,SP_DS,Share of population who are daily smokers,Y_GE15,15 years or over,_T,Total,PT_POP,Percentage of population,_Z,Not applicable,2014,,22.9,,A,Normal value,0,Units,,
DATAFLOW,OECD.ELS.HD:DSD_HEALTH_LVNG@DF_HEALTH_LVNG_TC(1.0),Tobacco consumption,I,PRT,Portugal,A,Annual,SP_DS,Share of population who are daily smokers,Y_GE15,15 years or over,_T,Total,PT_POP,Percentage of population,_Z,Not applicable,2014,,16.8,,A,Normal value,0,Units,,
DATAFLOW,OECD.ELS.HD:DSD_HEALTH_LVNG@DF_HEALTH_LVNG_TC(1.0),Tobacco consumption,I,POL,Poland,A,Annual,SP_DS,Share of population who are daily smokers,Y_GE15,15 years or over,_T,Total,PT_POP,Percentage of population,_Z,Not applicable,2014,,22.7,,A,Normal value,0,Units,,
DATAFLOW,OECD.ELS.HD:DSD_HEALTH_LVNG@DF_HEALTH_LVNG_TC(1.0),Tobacco consumption,I,NOR,Norway,A,Annual,SP_DS,Share of population who are daily smokers,Y_GE15,15 years or over,_T,Total,PT_POP,Percentage of population,_Z,Not applicable,2014,,13,,A,Normal value,0,Units,,
DATAFLOW,OECD.ELS.HD:DSD_HEALTH_LVNG@DF_HEALTH_LVNG_TC(1.0),Tobacco consumption,I,NOR,Norway,A,Annual,SP_DS,Share of population who are daily smokers,Y_GE15,15 years or over,_T,Total,PT_POP,Percentage of population,_Z,Not applicable,2015,,13,,A,Normal value,0,Units,,
DATAFLOW,OECD.ELS.HD:DSD_HEALTH_LVNG@DF_HEALTH_LVNG_TC(1.0),Tobacco consumption,I,NOR,Norway,A,Annual,SP_DS,Share of population who are daily smokers,Y_GE15,15 years or over,_T,Total,PT_POP,Percentage of population,_Z,Not applicable,2016,,12,,A,Normal value,0,Units,,
DATAFLOW,OECD.ELS.HD:DSD_HEALTH_LVNG@DF_HEALTH_LVNG_TC(1.0),Tobacco consumption,I,NOR,Norway,A,Annual,SP_DS,Share of population who are daily smokers,Y_GE15,15 years or over,_T,Total,PT_POP,Percentage of population,_Z,Not applicable,2017,,11,,A,Normal value,0,Units,,
DATAFLOW,OECD.ELS.HD:DSD_HEALTH_LVNG@DF_HEALTH_LVNG_TC(1.0),Tobacco consumption,I,NOR,Norway,A,Annual,SP_DS,Share of population who are daily smokers,Y_GE15,15 years or over,_T,Total,PT_POP,Percentage of population,_Z,Not applicable,2018,,12,,A,Normal value,0,Units,,
DATAFLOW,OECD.ELS.HD:DSD_HEALTH_LVNG@DF_HEALTH_LVNG_TC(1.0),Tobacco consumption,I,NOR,Norway,A,Annual,SP_DS,Share of population who are daily smokers,Y_GE15,15 years or over,_T,Total,PT_POP,Percentage of population,_Z,Not applicable,2019,,9,,A,Normal value,0,Units,,
DATAFLOW,OECD.ELS.HD:DSD_HEALTH_LVNG@DF_HEALTH_LVNG_TC(1.0),Tobacco consumption,I,NOR,Norway,A,Annual,SP_DS,Share of population who are daily smokers,Y_GE15,15 years or over,_T,Total,PT_POP,Percentage of population,_Z,Not applicable,2020,,9,,A,Normal value,0,Units,,
DATAFLOW,OECD.ELS.HD:DSD_HEALTH_LVNG@DF_HEALTH_LVNG_TC(1.0),Tobacco consumption,I,NOR,Norway,A,Annual,SP_DS,Share of population who are daily smokers,Y_GE15,15 years or over,_T,Total,PT_POP,Percentage of population,_Z,Not applicable,2021,,8,,A,Normal value,0,Units,,
DATAFLOW,OECD.ELS.HD:DSD_HEALTH_LVNG@DF_HEALTH_LVNG_TC(1.0),Tobacco consumption,I,NOR,Norway,A,Annual,SP_DS,Share of population who are daily smokers,Y_GE15,15 years or over,_T,Total,PT_POP,Percentage of population,_Z,Not applicable,2022,,8,,A,Normal value,0,Units,,
DATAFLOW,OECD.ELS.HD:DSD_HEALTH_LVNG@DF_HEALTH_LVNG_TC(1.0),Tobacco consumption,I,NZL,New Zealand,A,Annual,SP_DS,Share of population who are daily smokers,Y_GE15,15 years or over,_T,Total,PT_POP,Percentage of population,_Z,Not applicable,2014,,15.9,,A,Normal value,0,Units,,
DATAFLOW,OECD.ELS.HD:DSD_HEALTH_LVNG@DF_HEALTH_LVNG_TC(1.0),Tobacco consumption,I,NZL,New Zealand,A,Annual,SP_DS,Share of population who are daily smokers,Y_GE15,15 years or over,_T,Total,PT_POP,Percentage of population,_Z,Not applicable,2015,,15.1,,A,Normal value,0,Units,,
DATAFLOW,OECD.ELS.HD:DSD_HEALTH_LVNG@DF_HEALTH_LVNG_TC(1.0),Tobacco consumption,I,NZL,New Zealand,A,Annual,SP_DS,Share of population who are daily smokers,Y_GE15,15 years or over,_T,Total,PT_POP,Percentage of population,_Z,Not applicable,2016,,14.5,,A,Normal value,0,Units,,
DATAFLOW,OECD.ELS.HD:DSD_HEALTH_LVNG@DF_HEALTH_LVNG_TC(1.0),Tobacco consumption,I,NZL,New Zealand,A,Annual,SP_DS,Share of population who are daily smokers,Y_GE15,15 years or over,_T,Total,PT_POP,Percentage of population,_Z,Not applicable,2017,,14.1,,A,Normal value,0,Units,,
DATAFLOW,OECD.ELS.HD:DSD_HEALTH_LVNG@DF_HEALTH_LVNG_TC(1.0),Tobacco consumption,I,NZL,New Zealand,A,Annual,SP_DS,Share of population who are daily smokers,Y_GE15,15 years or over,_T,Total,PT_POP,Percentage of population,_Z,Not applicable,2018,,13.3,,A,Normal value,0,Units,,
DATAFLOW,OECD.ELS.HD:DSD_HEALTH_LVNG@DF_HEALTH_LVNG_TC(1.0),Tobacco consumption,I,NZL,New Zealand,A,Annual,SP_DS,Share of population who are daily smokers,Y_GE15,15 years or over,_T,Total,PT_POP,Percentage of population,_Z,Not applicable,2019,,12.9,,A,Normal value,0,Units,,
DATAFLOW,OECD.ELS.HD:DSD_HEALTH_LVNG@DF_HEALTH_LVNG_TC(1.0),Tobacco consumption,I,NZL,New Zealand,A,Annual,SP_DS,Share of population who are daily smokers,Y_GE15,15 years or over,_T,Total,PT_POP,Percentage of population,_Z,Not applicable,2020,,11.9,,A,Normal value,0,Units,,
DATAFLOW,OECD.ELS.HD:DSD_HEALTH_LVNG@DF_HEALTH_LVNG_TC(1.0),Tobacco consumption,I,NZL,New Zealand,A,Annual,SP_DS,Share of population who are daily smokers,Y_GE15,15 years or over,_T,Total,PT_POP,Percentage of population,_Z,Not applicable,2021,,9.4,,A,Normal value,0,Units,,
DATAFLOW,OECD.ELS.HD:DSD_HEALTH_LVNG@DF_HEALTH_LVNG_TC(1.0),Tobacco consumption,I,NZL,New Zealand,A,Annual,SP_DS,Share of population who are daily smokers,Y_GE15,15 years or over,_T,Total,PT_POP,Percentage of population,_Z,Not applicable,2022,,8.6,,A,Normal value,0,Units,,
DATAFLOW,OECD.ELS.HD:DSD_HEALTH_LVNG@DF_HEALTH_LVNG_TC(1.0),Tobacco consumption,I,NLD,Netherlands,A,Annual,SP_DS,Share of population who are daily smokers,Y_GE15,15 years or over,_T,Total,PT_POP,Percentage of population,_Z,Not applicable,2015,,19,,A,Normal value,0,Units,,
DATAFLOW,OECD.ELS.HD:DSD_HEALTH_LVNG@DF_HEALTH_LVNG_TC(1.0),Tobacco consumption,I,NLD,Netherlands,A,Annual,SP_DS,Share of population who are daily smokers,Y_GE15,15 years or over,_T,Total,PT_POP,Percentage of population,_Z,Not applicable,2016,,18,,A,Normal value,0,Units,,
DATAFLOW,OECD.ELS.HD:DSD_HEALTH_LVNG@DF_HEALTH_LVNG_TC(1.0),Tobacco consumption,I,NLD,Netherlands,A,Annual,SP_DS,Share of population who are daily smokers,Y_GE15,15 years or over,_T,Total,PT_POP,Percentage of population,_Z,Not applicable,2017,,16.8,,A,Normal value,0,Units,,
DATAFLOW,OECD.ELS.HD:DSD_HEALTH_LVNG@DF_HEALTH_LVNG_TC(1.0),Tobacco consumption,I,NLD,Netherlands,A,Annual,SP_DS,Share of population who are daily smokers,Y_GE15,15 years or over,_T,Total,PT_POP,Percentage of population,_Z,Not applicable,2018,,15.5,,A,Normal value,0,Units,,
DATAFLOW,OECD.ELS.HD:DSD_HEALTH_LVNG@DF_HEALTH_LVNG_TC(1.0),Tobacco consumption,I,NLD,Netherlands,A,Annual,SP_DS,Share of population who are daily smokers,Y_GE15,15 years or over,_T,Total,PT_POP,Percentage of population,_Z,Not applicable,2019,,15.4,,A,Normal value,0,Units,,
DATAFLOW,OECD.ELS.HD:DSD_HEALTH_LVNG@DF_HEALTH_LVNG_TC(1.0),Tobacco consumption,I,NLD,Netherlands,A,Annual,SP_DS,Share of population who are daily smokers,Y_GE15,15 years or over,_T,Total,PT_POP,Percentage of population,_Z,Not applicable,2020,,14.4,,A,Normal value,0,Units,,
DATAFLOW,OECD.ELS.HD:DSD_HEALTH_LVNG@DF_HEALTH_LVNG_TC(1.0),Tobacco consumption,I,NLD,Netherlands,A,Annual,SP_DS,Share of population who are daily smokers,Y_GE15,15 years or over,_T,Total,PT_POP,Percentage of population,_Z,Not applicable,2021,,14.7,,A,Normal value,0,Units,,
DATAFLOW,OECD.ELS.HD:DSD_HEALTH_LVNG@DF_HEALTH_LVNG_TC(1.0),Tobacco consumption,I,NLD,Netherlands,A,Annual,SP_DS,Share of population who are daily smokers,Y_GE15,15 years or over,_T,Total,PT_POP,Percentage of population,_Z,Not applicable,2022,,12.7,,A,Normal value,0,Units,,
DATAFLOW,OECD.ELS.HD:DSD_HEALTH_LVNG@DF_HEALTH_LVNG_TC(1.0),Tobacco consumption,I,MEX,Mexico,A,Annual,SP_DS,Share of population who are daily smokers,Y_GE15,15 years or over,_T,Total,PT_POP,Percentage of population,_Z,Not applicable,2015,,7.6,,A,Normal value,0,Units,,
DATAFLOW,OECD.ELS.HD:DSD_HEALTH_LVNG@DF_HEALTH_LVNG_TC(1.0),Tobacco consumption,I,LUX,Luxembourg,A,Annual,SP_DS,Share of population who are daily smokers,Y_GE15,15 years or over,_T,Total,PT_POP,Percentage of population,_Z,Not applicable,2014,,15.3,,A,Normal value,0,Units,,
DATAFLOW,OECD.ELS.HD:DSD_HEALTH_LVNG@DF_HEALTH_LVNG_TC(1.0),Tobacco consumption,I,LUX,Luxembourg,A,Annual,SP_DS,Share of population who are daily smokers,Y_GE15,15 years or over,_T,Total,PT_POP,Percentage of population,_Z,Not applicable,2015,,15,,A,Normal value,0,Units,,
DATAFLOW,OECD.ELS.HD:DSD_HEALTH_LVNG@DF_HEALTH_LVNG_TC(1.0),Tobacco consumption,I,LUX,Luxembourg,A,Annual,SP_DS,Share of population who are daily smokers,Y_GE15,15 years or over,_T,Total,PT_POP,Percentage of population,_Z,Not applicable,2016,,14.9,,A,Normal value,0,Units,,
DATAFLOW,OECD.ELS.HD:DSD_HEALTH_LVNG@DF_HEALTH_LVNG_TC(1.0),Tobacco consumption,I,LUX,Luxembourg,A,Annual,SP_DS,Share of population who are daily smokers,Y_GE15,15 years or over,_T,Total,PT_POP,Percentage of population,_Z,Not applicable,2017,,16,,A,Normal value,0,Units,,
DATAFLOW,OECD.ELS.HD:DSD_HEALTH_LVNG@DF_HEALTH_LVNG_TC(1.0),Tobacco consumption,I,LUX,Luxembourg,A,Annual,SP_DS,Share of population who are daily smokers,Y_GE15,15 years or over,_T,Total,PT_POP,Percentage of population,_Z,Not applicable,2018,,14.5,,A,Normal value,0,Units,,
DATAFLOW,OECD.ELS.HD:DSD_HEALTH_LVNG@DF_HEALTH_LVNG_TC(1.0),Tobacco consumption,I,LUX,Luxembourg,A,Annual,SP_DS,Share of population who are daily smokers,Y_GE15,15 years or over,_T,Total,PT_POP,Percentage of population,_Z,Not applicable,2019,,16.8,,A,Normal value,0,Units,,
DATAFLOW,OECD.ELS.HD:DSD_HEALTH_LVNG@DF_HEALTH_LVNG_TC(1.0),Tobacco consumption,I,LUX,Luxembourg,A,Annual,SP_DS,Share of population who are daily smokers,Y_GE15,15 years or over,_T,Total,PT_POP,Percentage of population,_Z,Not applicable,2020,,16.9,,A,Normal value,0,Units,,
DATAFLOW,OECD.ELS.HD:DSD_HEALTH_LVNG@DF_HEALTH_LVNG_TC(1.0),Tobacco consumption,I,LUX,Luxembourg,A,Annual,SP_DS,Share of population who are daily smokers,Y_GE15,15 years or over,_T,Total,PT_POP,Percentage of population,_Z,Not applicable,2021,,19.2,,A,Normal value,0,Units,,
DATAFLOW,OECD.ELS.HD:DSD_HEALTH_LVNG@DF_HEALTH_LVNG_TC(1.0),Tobacco consumption,I,LUX,Luxembourg,A,Annual,SP_DS,Share of population who are daily smokers,Y_GE15,15 years or over,_T,Total,PT_POP,Percentage of population,_Z,Not applicable,2022,,20.3,,A,Normal value,0,Units,,
DATAFLOW,OECD.ELS.HD:DSD_HEALTH_LVNG@DF_HEALTH_LVNG_TC(1.0),Tobacco consumption,I,LTU,Lithuania,A,Annual,SP_DS,Share of population who are daily smokers,Y_GE15,15 years or over,_T,Total,PT_POP,Percentage of population,_Z,Not applicable,2014,,20.3,,A,Normal value,0,Units,,
DATAFLOW,OECD.ELS.HD:DSD_HEALTH_LVNG@DF_HEALTH_LVNG_TC(1.0),Tobacco consumption,I,LVA,Latvia,A,Annual,SP_DS,Share of population who are daily smokers,Y_GE15,15 years or over,_T,Total,PT_POP,Percentage of population,_Z,Not applicable,2014,,24.6,,A,Normal value,0,Units,,
DATAFLOW,OECD.ELS.HD:DSD_HEALTH_LVNG@DF_HEALTH_LVNG_TC(1.0),Tobacco consumption,I,KOR,Korea,A,Annual,SP_DS,Share of population who are daily smokers,Y_GE15,15 years or over,_T,Total,PT_POP,Percentage of population,_Z,Not applicable,2015,,17.3,,A,Normal value,0,Units,,
DATAFLOW,OECD.ELS.HD:DSD_HEALTH_LVNG@DF_HEALTH_LVNG_TC(1.0),Tobacco consumption,I,KOR,Korea,A,Annual,SP_DS,Share of population who are daily smokers,Y_GE15,15 years or over,_T,Total,PT_POP,Percentage of population,_Z,Not applicable,2016,,18.4,,A,Normal value,0,Units,,
DATAFLOW,OECD.ELS.HD:DSD_HEALTH_LVNG@DF_HEALTH_LVNG_TC(1.0),Tobacco consumption,I,KOR,Korea,A,Annual,SP_DS,Share of population who are daily smokers,Y_GE15,15 years or over,_T,Total,PT_POP,Percentage of population,_Z,Not applicable,2017,,17.5,,A,Normal value,0,Units,,
DATAFLOW,OECD.ELS.HD:DSD_HEALTH_LVNG@DF_HEALTH_LVNG_TC(1.0),Tobacco consumption,I,KOR,Korea,A,Annual,SP_DS,Share of population who are daily smokers,Y_GE15,15 years or over,_T,Total,PT_POP,Percentage of population,_Z,Not applicable,2018,,17.5,,A,Normal value,0,Units,,
DATAFLOW,OECD.ELS.HD:DSD_HEALTH_LVNG@DF_HEALTH_LVNG_TC(1.0),Tobacco consumption,I,CHL,Chile,A,Annual,SP_DS,Share of population who are daily smokers,Y_GE15,15 years or over,_T,Total,PT_POP,Percentage of population,_Z,Not applicable,2016,,24.5,,A,Normal value,0,Units,,
DATAFLOW,OECD.ELS.HD:DSD_HEALTH_LVNG@DF_HEALTH_LVNG_TC(1.0),Tobacco consumption,I,CAN,Canada,A,Annual,SP_DS,Share of population who are daily smokers,Y_GE15,15 years or over,_T,Total,PT_POP,Percentage of population,_Z,Not applicable,2016,,12.5,,A,Normal value,0,Units,,
DATAFLOW,OECD.ELS.HD:DSD_HEALTH_LVNG@DF_HEALTH_LVNG_TC(1.0),Tobacco consumption,I,CAN,Canada,A,Annual,SP_DS,Share of population who are daily smokers,Y_GE15,15 years or over,_T,Total,PT_POP,Percentage of population,_Z,Not applicable,2017,,12,,A,Normal value,0,Units,,
DATAFLOW,OECD.ELS.HD:DSD_HEALTH_LVNG@DF_HEALTH_LVNG_TC(1.0),Tobacco consumption,I,JPN,Japan,A,Annual,SP_DS,Share of population who are daily smokers,Y_GE15,15 years or over,_T,Total,PT_POP,Percentage of population,_Z,Not applicable,2014,,19.6,,A,Normal value,0,Units,,
DATAFLOW,OECD.ELS.HD:DSD_HEALTH_LVNG@DF_HEALTH_LVNG_TC(1.0),Tobacco consumption,I,ITA,Italy,A,Annual,SP_DS,Share of population who are daily smokers,Y_GE15,15 years or over,_T,Total,PT_POP,Percentage of population,_Z,Not applicable,2015,,19.8,,A,Normal value,0,Units,,
DATAFLOW,OECD.ELS.HD:DSD_HEALTH_LVNG@DF_HEALTH_LVNG_TC(1.0),Tobacco consumption,I,KOR,Korea,A,Annual,SP_DS,Share of population who are daily smokers,Y_GE15,15 years or over,_T,Total,PT_POP,Percentage of population,_Z,Not applicable,2022,,14.7,,A,Normal value,0,Units,,
DATAFLOW,OECD.ELS.HD:DSD_HEALTH_LVNG@DF_HEALTH_LVNG_TC(1.0),Tobacco consumption,I,JPN,Japan,A,Annual,SP_DS,Share of population who are daily smokers,Y_GE15,15 years or over,_T,Total,PT_POP,Percentage of population,_Z,Not applicable,2016,,18.3,,A,Normal value,0,Units,,
DATAFLOW,OECD.ELS.HD:DSD_HEALTH_LVNG@DF_HEALTH_LVNG_TC(1.0),Tobacco consumption,I,JPN,Japan,A,Annual,SP_DS,Share of population who are daily smokers,Y_GE15,15 years or over,_T,Total,PT_POP,Percentage of population,_Z,Not applicable,2017,,17.7,,A,Normal value,0,Units,,
DATAFLOW,OECD.ELS.HD:DSD_HEALTH_LVNG@DF_HEALTH_LVNG_TC(1.0),Tobacco consumption,I,JPN,Japan,A,Annual,SP_DS,Share of population who are daily smokers,Y_GE15,15 years or over,_T,Total,PT_POP,Percentage of population,_Z,Not applicable,2018,,17.8,,A,Normal value,0,Units,,
DATAFLOW,OECD.ELS.HD:DSD_HEALTH_LVNG@DF_HEALTH_LVNG_TC(1.0),Tobacco consumption,I,JPN,Japan,A,Annual,SP_DS,Share of population who are daily smokers,Y_GE15,15 years or over,_T,Total,PT_POP,Percentage of population,_Z,Not applicable,2019,,16.7,,A,Normal value,0,Units,,
DATAFLOW,OECD.ELS.HD:DSD_HEALTH_LVNG@DF_HEALTH_LVNG_TC(1.0),Tobacco consumption,I,ROU,Romania,A,Annual,SP_DS,Share of population who are daily smokers,Y_GE15,15 years or over,_T,Total,PT_POP,Percentage of population,_Z,Not applicable,2019,,18.7,,A,Normal value,0,Units,,
DATAFLOW,OECD.ELS.HD:DSD_HEALTH_LVNG@DF_HEALTH_LVNG_TC(1.0),Tobacco consumption,I,HRV,Croatia,A,Annual,SP_DS,Share of population who are daily smokers,Y_GE15,15 years or over,_T,Total,PT_POP,Percentage of population,_Z,Not applicable,2019,,22.1,,A,Normal value,0,Units,,
DATAFLOW,OECD.ELS.HD:DSD_HEALTH_LVNG@DF_HEALTH_LVNG_TC(1.0),Tobacco consumption,I,BGR,Bulgaria,A,Annual,SP_DS,Share of population who are daily smokers,Y_GE15,15 years or over,_T,Total,PT_POP,Percentage of population,_Z,Not applicable,2019,,29.1,,A,Normal value,0,Units,,
DATAFLOW,OECD.ELS.HD:DSD_HEALTH_LVNG@DF_HEALTH_LVNG_TC(1.0),Tobacco consumption,I,BRA,Brazil,A,Annual,SP_DS,Share of population who are daily smokers,Y_GE15,15 years or over,_T,Total,PT_POP,Percentage of population,_Z,Not applicable,2021,,9.1,,A,Normal value,0,Units,,
DATAFLOW,OECD.ELS.HD:DSD_HEALTH_LVNG@DF_HEALTH_LVNG_TC(1.0),Tobacco consumption,I,USA,United States,A,Annual,SP_DS,Share of population who are daily smokers,Y_GE15,15 years or over,_T,Total,PT_POP,Percentage of population,_Z,Not applicable,2014,,12.9,,A,Normal value,0,Units,,
DATAFLOW,OECD.ELS.HD:DSD_HEALTH_LVNG@DF_HEALTH_LVNG_TC(1.0),Tobacco consumption,I,GBR,United Kingdom,A,Annual,SP_DS,Share of population who are daily smokers,Y_GE15,15 years or over,_T,Total,PT_POP,Percentage of population,_Z,Not applicable,2014,,18.8,,A,Normal value,0,Units,,
DATAFLOW,OECD.ELS.HD:DSD_HEALTH_LVNG@DF_HEALTH_LVNG_TC(1.0),Tobacco consumption,I,TUR,T端rkiye,A,Annual,SP_DS,Share of population who are daily smokers,Y_GE15,15 years or over,_T,Total,PT_POP,Percentage of population,_Z,Not applicable,2016,,26.5,,A,Normal value,0,Units,,
DATAFLOW,OECD.ELS.HD:DSD_HEALTH_LVNG@DF_HEALTH_LVNG_TC(1.0),Tobacco consumption,I,CHE,Switzerland,A,Annual,SP_DS,Share of population who are daily smokers,Y_GE15,15 years or over,_T,Total,PT_POP,Percentage of population,_Z,Not applicable,2022,,16.1,,A,Normal value,0,Units,,
DATAFLOW,OECD.ELS.HD:DSD_HEALTH_LVNG@DF_HEALTH_LVNG_TC(1.0),Tobacco consumption,I,SWE,Sweden,A,Annual,SP_DS,Share of population who are daily smokers,Y_GE15,15 years or over,_T,Total,PT_POP,Percentage of population,_Z,Not applicable,2014,,11.9,,A,Normal value,0,Units,,
DATAFLOW,OECD.ELS.HD:DSD_HEALTH_LVNG@DF_HEALTH_LVNG_TC(1.0),Tobacco consumption,I,ESP,Spain,A,Annual,SP_DS,Share of population who are daily smokers,Y_GE15,15 years or over,_T,Total,PT_POP,Percentage of population,_Z,Not applicable,2017,,22.1,,A,Normal value,0,Units,,
DATAFLOW,OECD.ELS.HD:DSD_HEALTH_LVNG@DF_HEALTH_LVNG_TC(1.0),Tobacco consumption,I,SVN,Slovenia,A,Annual,SP_DS,Share of population who are daily smokers,Y_GE15,15 years or over,_T,Total,PT_POP,Percentage of population,_Z,Not applicable,2019,,17.4,,A,Normal value,0,Units,,
DATAFLOW,OECD.ELS.HD:DSD_HEALTH_LVNG@DF_HEALTH_LVNG_TC(1.0),Tobacco consumption,I,SVK,Slovak Republic,A,Annual,SP_DS,Share of population who are daily smokers,Y_GE15,15 years or over,_T,Total,PT_POP,Percentage of population,_Z,Not applicable,2019,,21,,A,Normal value,0,Units,,
DATAFLOW,OECD.ELS.HD:DSD_HEALTH_LVNG@DF_HEALTH_LVNG_TC(1.0),Tobacco consumption,I,PRT,Portugal,A,Annual,SP_DS,Share of population who are daily smokers,Y_GE15,15 years or over,_T,Total,PT_POP,Percentage of population,_Z,Not applicable,2019,,14.2,,A,Normal value,0,Units,,
DATAFLOW,OECD.ELS.HD:DSD_HEALTH_LVNG@DF_HEALTH_LVNG_TC(1.0),Tobacco consumption,I,POL,Poland,A,Annual,SP_DS,Share of population who are daily smokers,Y_GE15,15 years or over,_T,Total,PT_POP,Percentage of population,_Z,Not applicable,2019,,17.1,,A,Normal value,0,Units,,
DATAFLOW,OECD.ELS.HD:DSD_HEALTH_LVNG@DF_HEALTH_LVNG_TC(1.0),Tobacco consumption,I,NOR,Norway,A,Annual,SP_DS,Share of population who are daily smokers,Y_GE15,15 years or over,_T,Total,PT_POP,Percentage of population,_Z,Not applicable,2023,,7,,A,Normal value,0,Units,,
DATAFLOW,OECD.ELS.HD:DSD_HEALTH_LVNG@DF_HEALTH_LVNG_TC(1.0),Tobacco consumption,I,NZL,New Zealand,A,Annual,SP_DS,Share of population who are daily smokers,Y_GE15,15 years or over,_T,Total,PT_POP,Percentage of population,_Z,Not applicable,2023,,6.8,,A,Normal value,0,Units,,
DATAFLOW,OECD.ELS.HD:DSD_HEALTH_LVNG@DF_HEALTH_LVNG_TC(1.0),Tobacco consumption,I,LUX,Luxembourg,A,Annual,SP_DS,Share of population who are daily smokers,Y_GE15,15 years or over,_T,Total,PT_POP,Percentage of population,_Z,Not applicable,2023,,18.1,,A,Normal value,0,Units,,
DATAFLOW,OECD.ELS.HD:DSD_HEALTH_LVNG@DF_HEALTH_LVNG_TC(1.0),Tobacco consumption,I,LTU,Lithuania,A,Annual,SP_DS,Share of population who are daily smokers,Y_GE15,15 years or over,_T,Total,PT_POP,Percentage of population,_Z,Not applicable,2019,,18.9,,A,Normal value,0,Units,,
DATAFLOW,OECD.ELS.HD:DSD_HEALTH_LVNG@DF_HEALTH_LVNG_TC(1.0),Tobacco consumption,I,LVA,Latvia,A,Annual,SP_DS,Share of population who are daily smokers,Y_GE15,15 years or over,_T,Total,PT_POP,Percentage of population,_Z,Not applicable,2019,,22.6,,A,Normal value,0,Units,,
DATAFLOW,OECD.ELS.HD:DSD_HEALTH_LVNG@DF_HEALTH_LVNG_TC(1.0),Tobacco consumption,I,KOR,Korea,A,Annual,SP_DS,Share of population who are daily smokers,Y_GE15,15 years or over,_T,Total,PT_POP,Percentage of population,_Z,Not applicable,2014,,20,,A,Normal value,0,Units,,
DATAFLOW,OECD.ELS.HD:DSD_HEALTH_LVNG@DF_HEALTH_LVNG_TC(1.0),Tobacco consumption,I,ITA,Italy,A,Annual,SP_DS,Share of population who are daily smokers,Y_GE15,15 years or over,_T,Total,PT_POP,Percentage of population,_Z,Not applicable,2014,,19.7,,A,Normal value,0,Units,,
DATAFLOW,OECD.ELS.HD:DSD_HEALTH_LVNG@DF_HEALTH_LVNG_TC(1.0),Tobacco consumption,I,IRL,Ireland,A,Annual,SP_DS,Share of population who are daily smokers,Y_GE15,15 years or over,_T,Total,PT_POP,Percentage of population,_Z,Not applicable,2016,,19,,A,Normal value,0,Units,,
DATAFLOW,OECD.ELS.HD:DSD_HEALTH_LVNG@DF_HEALTH_LVNG_TC(1.0),Tobacco consumption,I,HUN,Hungary,A,Annual,SP_DS,Share of population who are daily smokers,Y_GE15,15 years or over,_T,Total,PT_POP,Percentage of population,_Z,Not applicable,2019,,24.9,,A,Normal value,0,Units,,
DATAFLOW,OECD.ELS.HD:DSD_HEALTH_LVNG@DF_HEALTH_LVNG_TC(1.0),Tobacco consumption,I,GRC,Greece,A,Annual,SP_DS,Share of population who are daily smokers,Y_GE15,15 years or over,_T,Total,PT_POP,Percentage of population,_Z,Not applicable,2019,,24.9,,A,Normal value,0,Units,,
DATAFLOW,OECD.ELS.HD:DSD_HEALTH_LVNG@DF_HEALTH_LVNG_TC(1.0),Tobacco consumption,I,DEU,Germany,A,Annual,SP_DS,Share of population who are daily smokers,Y_GE15,15 years or over,_T,Total,PT_POP,Percentage of population,_Z,Not applicable,2021,,14.6,,A,Normal value,0,Units,,
DATAFLOW,OECD.ELS.HD:DSD_HEALTH_LVNG@DF_HEALTH_LVNG_TC(1.0),Tobacco consumption,I,FRA,France,A,Annual,SP_DS,Share of population who are daily smokers,Y_GE15,15 years or over,_T,Total,PT_POP,Percentage of population,_Z,Not applicable,2015,,29.4,,A,Normal value,0,Units,,
DATAFLOW,OECD.ELS.HD:DSD_HEALTH_LVNG@DF_HEALTH_LVNG_TC(1.0),Tobacco consumption,I,EST,Estonia,A,Annual,SP_DS,Share of population who are daily smokers,Y_GE15,15 years or over,_T,Total,PT_POP,Percentage of population,_Z,Not applicable,2016,,21.3,,A,Normal value,0,Units,,
DATAFLOW,OECD.ELS.HD:DSD_HEALTH_LVNG@DF_HEALTH_LVNG_TC(1.0),Tobacco consumption,I,DNK,Denmark,A,Annual,SP_DS,Share of population who are daily smokers,Y_GE15,15 years or over,_T,Total,PT_POP,Percentage of population,_Z,Not applicable,2021,,13.9,,A,Normal value,0,Units,,
DATAFLOW,OECD.ELS.HD:DSD_HEALTH_LVNG@DF_HEALTH_LVNG_TC(1.0),Tobacco consumption,I,CZE,Czechia,A,Annual,SP_DS,Share of population who are daily smokers,Y_GE15,15 years or over,_T,Total,PT_POP,Percentage of population,_Z,Not applicable,2014,,22.3,,A,Normal value,0,Units,,
DATAFLOW,OECD.ELS.HD:DSD_HEALTH_LVNG@DF_HEALTH_LVNG_TC(1.0),Tobacco consumption,I,CHL,Chile,A,Annual,SP_DS,Share of population who are daily smokers,Y_GE15,15 years or over,_T,Total,PT_POP,Percentage of population,_Z,Not applicable,2020,,17.6,,A,Normal value,0,Units,,
DATAFLOW,OECD.ELS.HD:DSD_HEALTH_LVNG@DF_HEALTH_LVNG_TC(1.0),Tobacco consumption,I,CAN,Canada,A,Annual,SP_DS,Share of population who are daily smokers,Y_GE15,15 years or over,_T,Total,PT_POP,Percentage of population,_Z,Not applicable,2014,,14,,A,Normal value,0,Units,,
DATAFLOW,OECD.ELS.HD:DSD_HEALTH_LVNG@DF_HEALTH_LVNG_TC(1.0),Tobacco consumption,I,BEL,Belgium,A,Annual,SP_DS,Share of population who are daily smokers,Y_GE15,15 years or over,_T,Total,PT_POP,Percentage of population,_Z,Not applicable,2018,,15.4,,A,Normal value,0,Units,,
DATAFLOW,OECD.ELS.HD:DSD_HEALTH_LVNG@DF_HEALTH_LVNG_TC(1.0),Tobacco consumption,I,AUT,Austria,A,Annual,SP_DS,Share of population who are daily smokers,Y_GE15,15 years or over,_T,Total,PT_POP,Percentage of population,_Z,Not applicable,2019,,20.6,,A,Normal value,0,Units,,
DATAFLOW,OECD.ELS.HD:DSD_HEALTH_LVNG@DF_HEALTH_LVNG_TC(1.0),Tobacco consumption,I,AUS,Australia,A,Annual,SP_DS,Share of population who are daily smokers,Y_GE15,15 years or over,_T,Total,PT_POP,Percentage of population,_Z,Not applicable,2019,,11.2,,A,Normal value,0,Units,,
DATAFLOW,OECD.ELS.HD:DSD_HEALTH_LVNG@DF_HEALTH_LVNG_TC(1.0),Tobacco consumption,I,RUS,Russia,A,Annual,SP_DS,Share of population who are daily smokers,Y_GE15,15 years or over,_T,Total,PT_POP,Percentage of population,_Z,Not applicable,2018,,26.7,,A,Normal value,0,Units,,
DATAFLOW,OECD.ELS.HD:DSD_HEALTH_LVNG@DF_HEALTH_LVNG_TC(1.0),Tobacco consumption,I,RUS,Russia,A,Annual,SP_DS,Share of population who are daily smokers,Y_GE15,15 years or over,_T,Total,PT_POP,Percentage of population,_Z,Not applicable,2019,,25.8,,A,Normal value,0,Units,,
DATAFLOW,OECD.ELS.HD:DSD_HEALTH_LVNG@DF_HEALTH_LVNG_TC(1.0),Tobacco consumption,I,ROU,Romania,A,Annual,SP_DS,Share of population who are daily smokers,Y_GE15,15 years or over,_T,Total,PT_POP,Percentage of population,_Z,Not applicable,2014,,19.8,,A,Normal value,0,Units,,
DATAFLOW,OECD.ELS.HD:DSD_HEALTH_LVNG@DF_HEALTH_LVNG_TC(1.0),Tobacco consumption,I,HRV,Croatia,A,Annual,SP_DS,Share of population who are daily smokers,Y_GE15,15 years or over,_T,Total,PT_POP,Percentage of population,_Z,Not applicable,2014,,25,,A,Normal value,0,Units,,
DATAFLOW,OECD.ELS.HD:DSD_HEALTH_LVNG@DF_HEALTH_LVNG_TC(1.0),Tobacco consumption,I,BGR,Bulgaria,A,Annual,SP_DS,Share of population who are daily smokers,Y_GE15,15 years or over,_T,Total,PT_POP,Percentage of population,_Z,Not applicable,2014,,28.2,,A,Normal value,0,Units,,
DATAFLOW,OECD.ELS.HD:DSD_HEALTH_LVNG@DF_HEALTH_LVNG_TC(1.0),Tobacco consumption,I,BRA,Brazil,A,Annual,SP_DS,Share of population who are daily smokers,Y_GE15,15 years or over,_T,Total,PT_POP,Percentage of population,_Z,Not applicable,2014,,10.8,,A,Normal value,0,Units,,
DATAFLOW,OECD.ELS.HD:DSD_HEALTH_LVNG@DF_HEALTH_LVNG_TC(1.0),Tobacco consumption,I,BRA,Brazil,A,Annual,SP_DS,Share of population who are daily smokers,Y_GE15,15 years or over,_T,Total,PT_POP,Percentage of population,_Z,Not applicable,2015,,10.4,,A,Normal value,0,Units,,
DATAFLOW,OECD.ELS.HD:DSD_HEALTH_LVNG@DF_HEALTH_LVNG_TC(1.0),Tobacco consumption,I,BRA,Brazil,A,Annual,SP_DS,Share of population who are daily smokers,Y_GE15,15 years or over,_T,Total,PT_POP,Percentage of population,_Z,Not applicable,2016,,10.2,,A,Normal value,0,Units,,
DATAFLOW,OECD.ELS.HD:DSD_HEALTH_LVNG@DF_HEALTH_LVNG_TC(1.0),Tobacco consumption,I,BRA,Brazil,A,Annual,SP_DS,Share of population who are daily smokers,Y_GE15,15 years or over,_T,Total,PT_POP,Percentage of population,_Z,Not applicable,2017,,10.1,,A,Normal value,0,Units,,
DATAFLOW,OECD.ELS.HD:DSD_HEALTH_LVNG@DF_HEALTH_LVNG_TC(1.0),Tobacco consumption,I,BRA,Brazil,A,Annual,SP_DS,Share of population who are daily smokers,Y_GE15,15 years or over,_T,Total,PT_POP,Percentage of population,_Z,Not applicable,2018,,9.3,,A,Normal value,0,Units,,
DATAFLOW,OECD.ELS.HD:DSD_HEALTH_LVNG@DF_HEALTH_LVNG_TC(1.0),Tobacco consumption,I,BRA,Brazil,A,Annual,SP_DS,Share of population who are daily smokers,Y_GE15,15 years or over,_T,Total,PT_POP,Percentage of population,_Z,Not applicable,2019,,9.8,,A,Normal value,0,Units,,
DATAFLOW,OECD.ELS.HD:DSD_HEALTH_LVNG@DF_HEALTH_LVNG_TC(1.0),Tobacco consumption,I,BRA,Brazil,A,Annual,SP_DS,Share of population who are daily smokers,Y_GE15,15 years or over,_T,Total,PT_POP,Percentage of population,_Z,Not applicable,2020,,9.5,,A,Normal value,0,Units,,
DATAFLOW,OECD.ELS.HD:DSD_HEALTH_LVNG@DF_HEALTH_LVNG_TC(1.0),Tobacco consumption,I,USA,United States,A,Annual,SP_DS,Share of population who are daily smokers,Y_GE15,15 years or over,_T,Total,PT_POP,Percentage of population,_Z,Not applicable,2015,,11.4,,A,Normal value,0,Units,,
DATAFLOW,OECD.ELS.HD:DSD_HEALTH_LVNG@DF_HEALTH_LVNG_TC(1.0),Tobacco consumption,I,USA,United States,A,Annual,SP_DS,Share of population who are daily smokers,Y_GE15,15 years or over,_T,Total,PT_POP,Percentage of population,_Z,Not applicable,2016,,11.8,,A,Normal value,0,Units,,
DATAFLOW,OECD.ELS.HD:DSD_HEALTH_LVNG@DF_HEALTH_LVNG_TC(1.0),Tobacco consumption,I,USA,United States,A,Annual,SP_DS,Share of population who are daily smokers,Y_GE15,15 years or over,_T,Total,PT_POP,Percentage of population,_Z,Not applicable,2017,,10.5,,A,Normal value,0,Units,,
DATAFLOW,OECD.ELS.HD:DSD_HEALTH_LVNG@DF_HEALTH_LVNG_TC(1.0),Tobacco consumption,I,USA,United States,A,Annual,SP_DS,Share of population who are daily smokers,Y_GE15,15 years or over,_T,Total,PT_POP,Percentage of population,_Z,Not applicable,2018,,10.3,,A,Normal value,0,Units,,
DATAFLOW,OECD.ELS.HD:DSD_HEALTH_LVNG@DF_HEALTH_LVNG_TC(1.0),Tobacco consumption,I,USA,United States,A,Annual,SP_DS,Share of population who are daily smokers,Y_GE15,15 years or over,_T,Total,PT_POP,Percentage of population,_Z,Not applicable,2019,,10.9,,A,Normal value,0,Units,,
DATAFLOW,OECD.ELS.HD:DSD_HEALTH_LVNG@DF_HEALTH_LVNG_TC(1.0),Tobacco consumption,I,USA,United States,A,Annual,SP_DS,Share of population who are daily smokers,Y_GE15,15 years or over,_T,Total,PT_POP,Percentage of population,_Z,Not applicable,2020,,9.4,,A,Normal value,0,Units,,
DATAFLOW,OECD.ELS.HD:DSD_HEALTH_LVNG@DF_HEALTH_LVNG_TC(1.0),Tobacco consumption,I,USA,United States,A,Annual,SP_DS,Share of population who are daily smokers,Y_GE15,15 years or over,_T,Total,PT_POP,Percentage of population,_Z,Not applicable,2021,,8.8,,A,Normal value,0,Units,,
DATAFLOW,OECD.ELS.HD:DSD_HEALTH_LVNG@DF_HEALTH_LVNG_TC(1.0),Tobacco consumption,I,USA,United States,A,Annual,SP_DS,Share of population who are daily smokers,Y_GE15,15 years or over,_T,Total,PT_POP,Percentage of population,_Z,Not applicable,2022,,8.9,,A,Normal value,0,Units,,
DATAFLOW,OECD.ELS.HD:DSD_HEALTH_LVNG@DF_HEALTH_LVNG_TC(1.0),Tobacco consumption,I,GBR,United Kingdom,A,Annual,SP_DS,Share of population who are daily smokers,Y_GE15,15 years or over,_T,Total,PT_POP,Percentage of population,_Z,Not applicable,2015,,17.8,,A,Normal value,0,Units,,
DATAFLOW,OECD.ELS.HD:DSD_HEALTH_LVNG@DF_HEALTH_LVNG_TC(1.0),Tobacco consumption,I,GBR,United Kingdom,A,Annual,SP_DS,Share of population who are daily smokers,Y_GE15,15 years or over,_T,Total,PT_POP,Percentage of population,_Z,Not applicable,2016,,16.1,,A,Normal value,0,Units,,
DATAFLOW,OECD.ELS.HD:DSD_HEALTH_LVNG@DF_HEALTH_LVNG_TC(1.0),Tobacco consumption,I,RUS,Russia,A,Annual,SP_DS,Share of population who are daily smokers,Y_GE15,15 years or over,_T,Total,PT_POP,Percentage of population,_Z,Not applicable,2017,,27.5,,B,Time series break,0,Units,,
DATAFLOW,OECD.ELS.HD:DSD_HEALTH_LVNG@DF_HEALTH_LVNG_TC(1.0),Tobacco consumption,I,NLD,Netherlands,A,Annual,SP_DS,Share of population who are daily smokers,Y_GE15,15 years or over,_T,Total,PT_POP,Percentage of population,_Z,Not applicable,2014,,19.1,,B,Time series break,0,Units,,
DATAFLOW,OECD.ELS.HD:DSD_HEALTH_LVNG@DF_HEALTH_LVNG_TC(1.0),Tobacco consumption,I,ISR,Israel,A,Annual,SP_DS,Share of population who are daily smokers,Y_GE15,15 years or over,_T,Total,PT_POP,Percentage of population,_Z,Not applicable,2016,,19.6,,B,Time series break,0,Units,,
DATAFLOW,OECD.ELS.HD:DSD_HEALTH_LVNG@DF_HEALTH_LVNG_TC(1.0),Tobacco consumption,I,RUS,Russia,A,Annual,SP_DS,Share of population who are daily smokers,Y_GE15,15 years or over,_T,Total,PT_POP,Percentage of population,_Z,Not applicable,2016,,30.3,,B,Time series break,0,Units,,
DATAFLOW,OECD.ELS.HD:DSD_HEALTH_LVNG@DF_HEALTH_LVNG_TC(1.0),Tobacco consumption,I,SWE,Sweden,A,Annual,SP_DS,Share of population who are daily smokers,Y_GE15,15 years or over,_T,Total,PT_POP,Percentage of population,_Z,Not applicable,2022,,8.7,,B,Time series break,0,Units,,
DATAFLOW,OECD.ELS.HD:DSD_HEALTH_LVNG@DF_HEALTH_LVNG_TC(1.0),Tobacco consumption,I,IRL,Ireland,A,Annual,SP_DS,Share of population who are daily smokers,Y_GE15,15 years or over,_T,Total,PT_POP,Percentage of population,_Z,Not applicable,2015,,19,,B,Time series break,0,Units,,
DATAFLOW,OECD.ELS.HD:DSD_HEALTH_LVNG@DF_HEALTH_LVNG_TC(1.0),Tobacco consumption,I,CAN,Canada,A,Annual,SP_DS,Share of population who are daily smokers,Y_GE15,15 years or over,_T,Total,PT_POP,Percentage of population,_Z,Not applicable,2015,,13.1,,B,Time series break,0,Units,,
DATAFLOW,OECD.ELS.HD:DSD_HEALTH_LVNG@DF_HEALTH_LVNG_TC(1.0),Tobacco consumption,I,CHN,China (Peoples Republic of),A,Annual,SP_DS,Share of population who are daily smokers,Y_GE15,15 years or over,_T,Total,PT_POP,Percentage of population,_Z,Not applicable,2015,,25.8,,D,Definition differs,0,Units,,
DATAFLOW,OECD.ELS.HD:DSD_HEALTH_LVNG@DF_HEALTH_LVNG_TC(1.0),Tobacco consumption,I,ISL,Iceland,A,Annual,SP_DS,Share of population who are daily smokers,Y_GE15,15 years or over,_T,Total,PT_POP,Percentage of population,_Z,Not applicable,2022,,6.2,,D,Definition differs,0,Units,,
DATAFLOW,OECD.ELS.HD:DSD_HEALTH_LVNG@DF_HEALTH_LVNG_TC(1.0),Tobacco consumption,I,FIN,Finland,A,Annual,SP_DS,Share of population who are daily smokers,Y_GE15,15 years or over,_T,Total,PT_POP,Percentage of population,_Z,Not applicable,2016,,15.4,,D,Definition differs,0,Units,,
DATAFLOW,OECD.ELS.HD:DSD_HEALTH_LVNG@DF_HEALTH_LVNG_TC(1.0),Tobacco consumption,I,FIN,Finland,A,Annual,SP_DS,Share of population who are daily smokers,Y_GE15,15 years or over,_T,Total,PT_POP,Percentage of population,_Z,Not applicable,2017,,13.2,,D,Definition differs,0,Units,,
DATAFLOW,OECD.ELS.HD:DSD_HEALTH_LVNG@DF_HEALTH_LVNG_TC(1.0),Tobacco consumption,I,FIN,Finland,A,Annual,SP_DS,Share of population who are daily smokers,Y_GE15,15 years or over,_T,Total,PT_POP,Percentage of population,_Z,Not applicable,2018,,14.1,,D,Definition differs,0,Units,,
DATAFLOW,OECD.ELS.HD:DSD_HEALTH_LVNG@DF_HEALTH_LVNG_TC(1.0),Tobacco consumption,I,FIN,Finland,A,Annual,SP_DS,Share of population who are daily smokers,Y_GE15,15 years or over,_T,Total,PT_POP,Percentage of population,_Z,Not applicable,2019,,13.3,,D,Definition differs,0,Units,,
DATAFLOW,OECD.ELS.HD:DSD_HEALTH_LVNG@DF_HEALTH_LVNG_TC(1.0),Tobacco consumption,I,FIN,Finland,A,Annual,SP_DS,Share of population who are daily smokers,Y_GE15,15 years or over,_T,Total,PT_POP,Percentage of population,_Z,Not applicable,2020,,12.4,,D,Definition differs,0,Units,,
DATAFLOW,OECD.ELS.HD:DSD_HEALTH_LVNG@DF_HEALTH_LVNG_TC(1.0),Tobacco consumption,I,FIN,Finland,A,Annual,SP_DS,Share of population who are daily smokers,Y_GE15,15 years or over,_T,Total,PT_POP,Percentage of population,_Z,Not applicable,2022,,11.3,,D,Definition differs,0,Units,,
DATAFLOW,OECD.ELS.HD:DSD_HEALTH_LVNG@DF_HEALTH_LVNG_TC(1.0),Tobacco consumption,I,CHN,China (Peoples Republic of),A,Annual,SP_DS,Share of population who are daily smokers,Y_GE15,15 years or over,_T,Total,PT_POP,Percentage of population,_Z,Not applicable,2018,,25.4,,D,Definition differs,0,Units,,
DATAFLOW,OECD.ELS.HD:DSD_HEALTH_LVNG@DF_HEALTH_LVNG_TC(1.0),Tobacco consumption,I,CHN,China (Peoples Republic of),A,Annual,SP_DS,Share of population who are daily smokers,Y_GE15,15 years or over,_T,Total,PT_POP,Percentage of population,_Z,Not applicable,2019,,25.4,,D,Definition differs,0,Units,,
DATAFLOW,OECD.ELS.HD:DSD_HEALTH_LVNG@DF_HEALTH_LVNG_TC(1.0),Tobacco consumption,I,ARG,Argentina,A,Annual,SP_DS,Share of population who are daily smokers,Y_GE15,15 years or over,_T,Total,PT_POP,Percentage of population,_Z,Not applicable,2019,,24.3,,D,Definition differs,0,Units,,
DATAFLOW,OECD.ELS.HD:DSD_HEALTH_LVNG@DF_HEALTH_LVNG_TC(1.0),Tobacco consumption,I,ARG,Argentina,A,Annual,SP_DS,Share of population who are daily smokers,Y_GE15,15 years or over,_T,Total,PT_POP,Percentage of population,_Z,Not applicable,2020,,24,,D,Definition differs,0,Units,,
DATAFLOW,OECD.ELS.HD:DSD_HEALTH_LVNG@DF_HEALTH_LVNG_TC(1.0),Tobacco consumption,I,ARG,Argentina,A,Annual,SP_DS,Share of population who are daily smokers,Y_GE15,15 years or over,_T,Total,PT_POP,Percentage of population,_Z,Not applicable,2015,,26,,D,Definition differs,0,Units,,
DATAFLOW,OECD.ELS.HD:DSD_HEALTH_LVNG@DF_HEALTH_LVNG_TC(1.0),Tobacco consumption,I,MEX,Mexico,A,Annual,SP_DS,Share of population who are daily smokers,Y_GE15,15 years or over,_T,Total,PT_POP,Percentage of population,_Z,Not applicable,2018,,7.7,,D,Definition differs,0,Units,,
DATAFLOW,OECD.ELS.HD:DSD_HEALTH_LVNG@DF_HEALTH_LVNG_TC(1.0),Tobacco consumption,I,MEX,Mexico,A,Annual,SP_DS,Share of population who are daily smokers,Y_GE15,15 years or over,_T,Total,PT_POP,Percentage of population,_Z,Not applicable,2020,,7.4,,D,Definition differs,0,Units,,
DATAFLOW,OECD.ELS.HD:DSD_HEALTH_LVNG@DF_HEALTH_LVNG_TC(1.0),Tobacco consumption,I,MEX,Mexico,A,Annual,SP_DS,Share of population who are daily smokers,Y_GE15,15 years or over,_T,Total,PT_POP,Percentage of population,_Z,Not applicable,2021,,8.6,,D,Definition differs,0,Units,,
DATAFLOW,OECD.ELS.HD:DSD_HEALTH_LVNG@DF_HEALTH_LVNG_TC(1.0),Tobacco consumption,I,ISL,Iceland,A,Annual,SP_DS,Share of population who are daily smokers,Y_GE15,15 years or over,_T,Total,PT_POP,Percentage of population,_Z,Not applicable,2014,,12.6,,D,Definition differs,0,Units,,
DATAFLOW,OECD.ELS.HD:DSD_HEALTH_LVNG@DF_HEALTH_LVNG_TC(1.0),Tobacco consumption,I,ISL,Iceland,A,Annual,SP_DS,Share of population who are daily smokers,Y_GE15,15 years or over,_T,Total,PT_POP,Percentage of population,_Z,Not applicable,2015,,10.9,,D,Definition differs,0,Units,,
DATAFLOW,OECD.ELS.HD:DSD_HEALTH_LVNG@DF_HEALTH_LVNG_TC(1.0),Tobacco consumption,I,ISL,Iceland,A,Annual,SP_DS,Share of population who are daily smokers,Y_GE15,15 years or over,_T,Total,PT_POP,Percentage of population,_Z,Not applicable,2016,,10.2,,D,Definition differs,0,Units,,
DATAFLOW,OECD.ELS.HD:DSD_HEALTH_LVNG@DF_HEALTH_LVNG_TC(1.0),Tobacco consumption,I,ISL,Iceland,A,Annual,SP_DS,Share of population who are daily smokers,Y_GE15,15 years or over,_T,Total,PT_POP,Percentage of population,_Z,Not applicable,2017,,9.4,,D,Definition differs,0,Units,,
DATAFLOW,OECD.ELS.HD:DSD_HEALTH_LVNG@DF_HEALTH_LVNG_TC(1.0),Tobacco consumption,I,ISL,Iceland,A,Annual,SP_DS,Share of population who are daily smokers,Y_GE15,15 years or over,_T,Total,PT_POP,Percentage of population,_Z,Not applicable,2018,,8.6,,D,Definition differs,0,Units,,
DATAFLOW,OECD.ELS.HD:DSD_HEALTH_LVNG@DF_HEALTH_LVNG_TC(1.0),Tobacco consumption,I,ISL,Iceland,A,Annual,SP_DS,Share of population who are daily smokers,Y_GE15,15 years or over,_T,Total,PT_POP,Percentage of population,_Z,Not applicable,2019,,8.2,,D,Definition differs,0,Units,,
DATAFLOW,OECD.ELS.HD:DSD_HEALTH_LVNG@DF_HEALTH_LVNG_TC(1.0),Tobacco consumption,I,ISL,Iceland,A,Annual,SP_DS,Share of population who are daily smokers,Y_GE15,15 years or over,_T,Total,PT_POP,Percentage of population,_Z,Not applicable,2020,,7.3,,D,Definition differs,0,Units,,
DATAFLOW,OECD.ELS.HD:DSD_HEALTH_LVNG@DF_HEALTH_LVNG_TC(1.0),Tobacco consumption,I,ISL,Iceland,A,Annual,SP_DS,Share of population who are daily smokers,Y_GE15,15 years or over,_T,Total,PT_POP,Percentage of population,_Z,Not applicable,2021,,7.2,,D,Definition differs,0,Units,,
DATAFLOW,OECD.ELS.HD:DSD_HEALTH_LVNG@DF_HEALTH_LVNG_TC(1.0),Tobacco consumption,I,ZAF,South Africa,A,Annual,SP_DS,Share of population who are daily smokers,Y_GE15,15 years or over,_T,Total,PT_POP,Percentage of population,_Z,Not applicable,2018,,20.3,,D,Definition differs,0,Units,,
DATAFLOW,OECD.ELS.HD:DSD_HEALTH_LVNG@DF_HEALTH_LVNG_TC(1.0),Tobacco consumption,I,PER,Peru,A,Annual,SP_DS,Share of population who are daily smokers,Y_GE15,15 years or over,_T,Total,PT_POP,Percentage of population,_Z,Not applicable,2018,,9.4,,D,Definition differs,0,Units,,
DATAFLOW,OECD.ELS.HD:DSD_HEALTH_LVNG@DF_HEALTH_LVNG_TC(1.0),Tobacco consumption,I,IDN,Indonesia,A,Annual,SP_DS,Share of population who are daily smokers,Y_GE15,15 years or over,_T,Total,PT_POP,Percentage of population,_Z,Not applicable,2018,,32.3,,D,Definition differs,0,Units,,
DATAFLOW,OECD.ELS.HD:DSD_HEALTH_LVNG@DF_HEALTH_LVNG_TC(1.0),Tobacco consumption,I,IND,India,A,Annual,SP_DS,Share of population who are daily smokers,Y_GE15,15 years or over,_T,Total,PT_POP,Percentage of population,_Z,Not applicable,2018,,9.1,,D,Definition differs,0,Units,,
DATAFLOW,OECD.ELS.HD:DSD_HEALTH_LVNG@DF_HEALTH_LVNG_TC(1.0),Tobacco consumption,I,CHN,China (Peoples Republic of),A,Annual,SP_DS,Share of population who are daily smokers,Y_GE15,15 years or over,_T,Total,PT_POP,Percentage of population,_Z,Not applicable,2020,,25.3,,D,Definition differs,0,Units,,
DATAFLOW,OECD.ELS.HD:DSD_HEALTH_LVNG@DF_HEALTH_LVNG_TC(1.0),Tobacco consumption,I,ARG,Argentina,A,Annual,SP_DS,Share of population who are daily smokers,Y_GE15,15 years or over,_T,Total,PT_POP,Percentage of population,_Z,Not applicable,2018,,24.7,,D,Definition differs,0,Units,,
DATAFLOW,OECD.ELS.HD:DSD_HEALTH_LVNG@DF_HEALTH_LVNG_TC(1.0),Tobacco consumption,I,MEX,Mexico,A,Annual,SP_DS,Share of population who are daily smokers,Y_GE15,15 years or over,_T,Total,PT_POP,Percentage of population,_Z,Not applicable,2016,,6.4,,D,Definition differs,0,Units,,
DATAFLOW,OECD.ELS.HD:DSD_HEALTH_LVNG@DF_HEALTH_LVNG_TC(1.0),Tobacco consumption,I,ISL,Iceland,A,Annual,SP_DS,Share of population who are daily smokers,Y_GE15,15 years or over,_T,Total,PT_POP,Percentage of population,_Z,Not applicable,2023,,5.7,,D,Definition differs,0,Units,,
DATAFLOW,OECD.ELS.HD:DSD_HEALTH_LVNG@DF_HEALTH_LVNG_TC(1.0),Tobacco consumption,I,FIN,Finland,A,Annual,SP_DS,Share of population who are daily smokers,Y_GE15,15 years or over,_T,Total,PT_POP,Percentage of population,_Z,Not applicable,2015,,16.6,,D,Definition differs,0,Units,,
DATAFLOW,OECD.ELS.HD:DSD_HEALTH_LVNG@DF_HEALTH_LVNG_TC(1.0),Tobacco consumption,I,ZAF,South Africa,A,Annual,SP_DS,Share of population who are daily smokers,Y_GE15,15 years or over,_T,Total,PT_POP,Percentage of population,_Z,Not applicable,2019,,20.2,,D,Definition differs,0,Units,,
DATAFLOW,OECD.ELS.HD:DSD_HEALTH_LVNG@DF_HEALTH_LVNG_TC(1.0),Tobacco consumption,I,ZAF,South Africa,A,Annual,SP_DS,Share of population who are daily smokers,Y_GE15,15 years or over,_T,Total,PT_POP,Percentage of population,_Z,Not applicable,2020,,20.2,,D,Definition differs,0,Units,,
DATAFLOW,OECD.ELS.HD:DSD_HEALTH_LVNG@DF_HEALTH_LVNG_TC(1.0),Tobacco consumption,I,ZAF,South Africa,A,Annual,SP_DS,Share of population who are daily smokers,Y_GE15,15 years or over,_T,Total,PT_POP,Percentage of population,_Z,Not applicable,2015,,20.6,,D,Definition differs,0,Units,,
DATAFLOW,OECD.ELS.HD:DSD_HEALTH_LVNG@DF_HEALTH_LVNG_TC(1.0),Tobacco consumption,I,PER,Peru,A,Annual,SP_DS,Share of population who are daily smokers,Y_GE15,15 years or over,_T,Total,PT_POP,Percentage of population,_Z,Not applicable,2019,,8.8,,D,Definition differs,0,Units,,
DATAFLOW,OECD.ELS.HD:DSD_HEALTH_LVNG@DF_HEALTH_LVNG_TC(1.0),Tobacco consumption,I,PER,Peru,A,Annual,SP_DS,Share of population who are daily smokers,Y_GE15,15 years or over,_T,Total,PT_POP,Percentage of population,_Z,Not applicable,2020,,8.2,,D,Definition differs,0,Units,,
DATAFLOW,OECD.ELS.HD:DSD_HEALTH_LVNG@DF_HEALTH_LVNG_TC(1.0),Tobacco consumption,I,PER,Peru,A,Annual,SP_DS,Share of population who are daily smokers,Y_GE15,15 years or over,_T,Total,PT_POP,Percentage of population,_Z,Not applicable,2015,,11.5,,D,Definition differs,0,Units,,
DATAFLOW,OECD.ELS.HD:DSD_HEALTH_LVNG@DF_HEALTH_LVNG_TC(1.0),Tobacco consumption,I,IDN,Indonesia,A,Annual,SP_DS,Share of population who are daily smokers,Y_GE15,15 years or over,_T,Total,PT_POP,Percentage of population,_Z,Not applicable,2019,,32.6,,D,Definition differs,0,Units,,
DATAFLOW,OECD.ELS.HD:DSD_HEALTH_LVNG@DF_HEALTH_LVNG_TC(1.0),Tobacco consumption,I,IDN,Indonesia,A,Annual,SP_DS,Share of population who are daily smokers,Y_GE15,15 years or over,_T,Total,PT_POP,Percentage of population,_Z,Not applicable,2020,,32.6,,D,Definition differs,0,Units,,
DATAFLOW,OECD.ELS.HD:DSD_HEALTH_LVNG@DF_HEALTH_LVNG_TC(1.0),Tobacco consumption,I,IDN,Indonesia,A,Annual,SP_DS,Share of population who are daily smokers,Y_GE15,15 years or over,_T,Total,PT_POP,Percentage of population,_Z,Not applicable,2015,,32,,D,Definition differs,0,Units,,
DATAFLOW,OECD.ELS.HD:DSD_HEALTH_LVNG@DF_HEALTH_LVNG_TC(1.0),Tobacco consumption,I,IND,India,A,Annual,SP_DS,Share of population who are daily smokers,Y_GE15,15 years or over,_T,Total,PT_POP,Percentage of population,_Z,Not applicable,2019,,8.6,,D,Definition differs,0,Units,,
DATAFLOW,OECD.ELS.HD:DSD_HEALTH_LVNG@DF_HEALTH_LVNG_TC(1.0),Tobacco consumption,I,IND,India,A,Annual,SP_DS,Share of population who are daily smokers,Y_GE15,15 years or over,_T,Total,PT_POP,Percentage of population,_Z,Not applicable,2020,,8.1,,D,Definition differs,0,Units,,
DATAFLOW,OECD.ELS.HD:DSD_HEALTH_LVNG@DF_HEALTH_LVNG_TC(1.0),Tobacco consumption,I,CRI,Costa Rica,A,Annual,SP_DS,Share of population who are daily smokers,Y_GE15,15 years or over,_T,Total,PT_POP,Percentage of population,_Z,Not applicable,2021,,7.8,,E,Estimated value,0,Units,,
DATAFLOW,OECD.ELS.HD:DSD_HEALTH_LVNG@DF_HEALTH_LVNG_TC(1.0),Tobacco consumption,I,CRI,Costa Rica,A,Annual,SP_DS,Share of population who are daily smokers,Y_GE15,15 years or over,_T,Total,PT_POP,Percentage of population,_Z,Not applicable,2016,,10.5,,E,Estimated value,0,Units,,
DATAFLOW,OECD.ELS.HD:DSD_HEALTH_LVNG@DF_HEALTH_LVNG_TC(1.0),Tobacco consumption,I,CRI,Costa Rica,A,Annual,SP_DS,Share of population who are daily smokers,Y_GE15,15 years or over,_T,Total,PT_POP,Percentage of population,_Z,Not applicable,2017,,10,,E,Estimated value,0,Units,,
DATAFLOW,OECD.ELS.HD:DSD_HEALTH_LVNG@DF_HEALTH_LVNG_TC(1.0),Tobacco consumption,I,CRI,Costa Rica,A,Annual,SP_DS,Share of population who are daily smokers,Y_GE15,15 years or over,_T,Total,PT_POP,Percentage of population,_Z,Not applicable,2018,,9.5,,E,Estimated value,0,Units,,
DATAFLOW,OECD.ELS.HD:DSD_HEALTH_LVNG@DF_HEALTH_LVNG_TC(1.0),Tobacco consumption,I,CRI,Costa Rica,A,Annual,SP_DS,Share of population who are daily smokers,Y_GE15,15 years or over,_T,Total,PT_POP,Percentage of population,_Z,Not applicable,2019,,8.9,,E,Estimated value,0,Units,,
DATAFLOW,OECD.ELS.HD:DSD_HEALTH_LVNG@DF_HEALTH_LVNG_TC(1.0),Tobacco consumption,I,GBR,United Kingdom,A,Annual,SP_DS,Share of population who are daily smokers,Y_GE15,15 years or over,_T,Total,PT_POP,Percentage of population,_Z,Not applicable,2017,,16.8,,A,Normal value,0,Units,,
DATAFLOW,OECD.ELS.HD:DSD_HEALTH_LVNG@DF_HEALTH_LVNG_TC(1.0),Tobacco consumption,I,AUS,Australia,A,Annual,SP_DS,Share of population who are daily smokers,Y_GE15,15 years or over,_T,Total,PT_POP,Percentage of population,_Z,Not applicable,2022,,8.5,,B,Time series break,0,Units,,
DATAFLOW,OECD.ELS.HD:DSD_HEALTH_LVNG@DF_HEALTH_LVNG_TC(1.0),Tobacco consumption,I,IND,India,A,Annual,SP_DS,Share of population who are daily smokers,Y_GE15,15 years or over,_T,Total,PT_POP,Percentage of population,_Z,Not applicable,2015,,10.9,,D,Definition differs,0,Units,,
DATAFLOW,OECD.ELS.HD:DSD_HEALTH_LVNG@DF_HEALTH_LVNG_TC(1.0),Tobacco consumption,I,CRI,Costa Rica,A,Annual,SP_DS,Share of population who are daily smokers,Y_GE15,15 years or over,_T,Total,PT_POP,Percentage of population,_Z,Not applicable,2020,,8.4,,E,Estimated value,0,Units,,
DATAFLOW,OECD.ELS.HD:DSD_HEALTH_LVNG@DF_HEALTH_LVNG_TC(1.0),Tobacco consumption,I,CRI,Costa Rica,A,Annual,SP_DS,Share of population who are daily smokers,Y_GE15,15 years or over,_T,Total,PT_POP,Percentage of population,_Z,Not applicable,2023,,6.2,,P,Provisional value,0,Units,,
DATAFLOW,OECD.ELS.HD:DSD_HEALTH_LVNG@DF_HEALTH_LVNG_TC(1.0),Tobacco consumption,I,EST,Estonia,A,Annual,SP_DS,Share of population who are daily smokers,Y_GE15,15 years or over,_T,Total,PT_POP,Percentage of population,_Z,Not applicable,2018,,17.2,,A,Normal value,0,Units,,
DATAFLOW,OECD.ELS.HD:DSD_HEALTH_LVNG@DF_HEALTH_LVNG_TC(1.0),Tobacco consumption,I,EST,Estonia,A,Annual,SP_DS,Share of population who are daily smokers,Y_GE15,15 years or over,_T,Total,PT_POP,Percentage of population,_Z,Not applicable,2020,,17.9,,A,Normal value,0,Units,,
DATAFLOW,OECD.ELS.HD:DSD_HEALTH_LVNG@DF_HEALTH_LVNG_TC(1.0),Tobacco consumption,I,EST,Estonia,A,Annual,SP_DS,Share of population who are daily smokers,Y_GE15,15 years or over,_T,Total,PT_POP,Percentage of population,_Z,Not applicable,2022,,15.9,,A,Normal value,0,Units,,
DATAFLOW,OECD.ELS.HD:DSD_HEALTH_LVNG@DF_HEALTH_LVNG_TC(1.0),Tobacco consumption,I,EST,Estonia,A,Annual,SP_DS,Share of population who are daily smokers,Y_GE15,15 years or over,_T,Total,PT_POP,Percentage of population,_Z,Not applicable,2014,,22.1,,A,Normal value,0,Units,,
